"09:00:00.0","make.exe","2000","CreateFile","Makefile","SUCCESS","build driver reads the makefile"
"09:00:01.1","cc1.exe","2001","ReadFile","C:\windows\system32\ntdll.dll","SUCCESS","noise"
"09:00:01.2","cc1.exe","2001","CreateFile","main.c","SUCCESS",""
"09:00:01.3","cc1.exe","2001","CreateFile","config.h","SUCCESS","#include pulled in by the compiler"
"09:00:02.1","cc1.exe","2002","CreateFile","app.c","SUCCESS",""
"09:00:02.2","cc1.exe","2002","CreateFile","config.h","SUCCESS",""
"09:00:03.1","cc1.exe","2003","CreateFile","sensor.c","SUCCESS",""
"09:00:04.1","cc1.exe","2004","CreateFile","comms.c","SUCCESS",""
"09:00:05.1","cc1.exe","2005","CreateFile","isr.c","SUCCESS",""
"09:00:06.1","as.exe","2006","CreateFile","startup.s","SUCCESS","assembler input not listed in compile_commands.json"
"09:00:07.1","ld.exe","2007","CreateFile","flash.ld","SUCCESS","linker script not listed in compile_commands.json"
"09:00:07.2","ld.exe","2007","ReadFile","C:\toolchain\lib\libc.a","SUCCESS","outside the carve root - ignored"
